rgn_id,year,value
1,2013,0.1933274024631828
2,2013,0.04342184034176171
3,2013,0.14793955027125777
4,2013,0.05909254658035934
5,2013,0.06459499504417181
6,2013,0.16864641304127873
7,2013,0.17352047567255796
8,2013,0.17128134472295642
